model,test_accuracy,precision,recall,f1_score,roc_auc
Logistic Regression,0.9883040935672515,0.9906542056074766,0.9906542056074766,0.9906542056074766,0.9981016355140186
Random Forest,0.935672514619883,0.9444444444444444,0.9532710280373832,0.9488372093023255,0.9910922897196262
SVM (RBF kernel),0.9824561403508771,0.9905660377358491,0.9813084112149533,0.9859154929577464,0.9982476635514019
K-Nearest Neighbours,0.9649122807017544,0.9469026548672567,1.0,0.9727272727272728,0.9945969626168224
